Département;Longitude;Latitude;Filière;Valeur (MW)
"Ain";5.346959857;46.05429898;"Solaire";293,43483999996
"Aisne";3.671806573;49.59862553;"Solaire";168,30025
"Allier";3.040610457;46.37475826;"Solaire";611,76875999998
"Alpes-de-Haute-Provence";6.230725886;44.19259899;"Solaire";503,58756999997
"Hautes-Alpes";6.167295644;44.64765673;"Solaire";249,87240999999
"Alpes-Maritimes";7.123987377;43.94793989;"Solaire";167,93168999999
"Ardèche";4.288022257;44.80050826;"Solaire";219,40498999998
"Ardennes";4.700131870;49.57273476;"Solaire";109,0361
"Ariège";1.472306905;42.95155061;"Solaire";115,538568
"Aube";4.187970591;48.27218193;"Solaire";226,929181
"Aude";2.339275730;43.14137015;"Solaire";498,48973499993
"Aveyron";2.793046114;44.24941483;"Solaire";486,33121999996
"Bouches-du-Rhône";5.072933506;43.54383533;"Solaire";864,90487999998
"Calvados";-0.406566196;49.11209426;"Solaire";115,65609
"Cantal";2.628795568;44.91441335;"Solaire";315,23685999999
"Charente";0.097305000;45.66679020;"Solaire";510,44863999995
"Charente-Maritime";-0.694769798;45.79420660;"Solaire";499,98268999991
"Cher";2.580594115;47.09013344;"Solaire";349,00701999999
"Corrèze";1.842891932;45.30433881;"Solaire";286,29214999999
"Côte-d'Or";4.837284317;47.52031513;"Solaire";272,43811999998
"Côtes-d'Armor";-2.946720821;48.45147397;"Solaire";194,42539999999
"Creuse";2.093611542;46.07471237;"Solaire";255,10526
"Dordogne";0.687318695;45.16482274;"Solaire";403,94611499996
"Doubs";6.397455452;47.21328112;"Solaire";139,40871499999
"Drôme";5.224912381;44.63114048;"Solaire";469,2749999999
"Eure";1.058622250;49.11357767;"Solaire";134,88479
"Eure-et-Loir";1.332237400;48.31273152;"Solaire";297,929958
"Finistère";-4.107614705;48.27446138;"Solaire";212,29290999998
"Corse-du-Sud";9.016697474;41.87063872;"Solaire";55,76992
"Haute-Corse";9.228973435;42.40403476;"Solaire";189,51903
"Gard";4.178506857;43.99430935;"Solaire";621,82408999992
"Haute-Garonne";1.293955407;43.39916198;"Solaire";672,29722999993
"Gers";0.477120590;43.68376636;"Solaire";370,25146999997
"Gironde";-0.573379306;44.85762161;"Solaire";1199,087737
"Hérault";3.461166305;43.64966398;"Solaire";576,95309299985
"Ille-et-Vilaine";-1.646455875;48.18125577;"Solaire";330,20343999996
"Indre";1.623572948;46.80417900;"Solaire";341,29026999999
"Indre-et-Loire";0.686829377;47.23136876;"Solaire";249,70996999999
"Isère";5.602130240;45.26970890;"Solaire";453,88604499983
"Jura";5.537548031;46.76537169;"Solaire";112,39896
"Landes";-0.904619169;44.02744424;"Solaire";1250,03362
"Loir-et-Cher";1.360806420;47.56075438;"Solaire";267,27838999999
"Loire";4.151376079;45.72748395;"Solaire";256,27229999997
"Haute-Loire";3.792203253;45.09422574;"Solaire";199,21398999999
"Loire-Atlantique";-1.767701405;47.46325974;"Solaire";486,99059999988
"Loiret";2.232057344;47.88516723;"Solaire";266,12164999998
"Lot";1.577740047;44.65311268;"Solaire";207,72192999999
"Lot-et-Garonne";0.453447272;44.45127515;"Solaire";546,37796999993
"Lozère";3.552826246;44.54028178;"Solaire";90,58286
"Maine-et-Loire";-0.569254627;47.35896655;"Solaire";460,29283999993
"Manche";-1.366478921;49.02053894;"Solaire";111,08202
"Marne";4.324834753;48.92773389;"Solaire";322,93609999999
"Haute-Marne";5.135591261;48.15680534;"Solaire";166,90029
"Mayenne";-0.660208643;48.13211328;"Solaire";189,45893999999
"Meurthe-et-Moselle";6.146295293;48.78852631;"Solaire";258,67271999999
"Meuse";5.275598435;48.99998986;"Solaire";275,92131
"Morbihan";-2.870054353;47.97481616;"Solaire";284,49707999998
"Moselle";6.605699558;49.00811502;"Solaire";363,76076399997
"Nièvre";3.519020775;47.10170689;"Solaire";266,05152999999
"Nord";3.282594417;50.44996479;"Solaire";408,86374999993
"Oise";2.425196856;49.36241327;"Solaire";181,96139
"Orne";0.072085743;48.62660844;"Solaire";99,862209999999
"Pas-de-Calais";2.296241993;50.45485709;"Solaire";169,15008999999
"Puy-de-Dôme";3.143168191;45.73284418;"Solaire";278,53447999996
"Pyrénées-Atlantiques";-0.780042490;43.37257931;"Solaire";393,42834499994
"Hautes-Pyrénées";0.087321790;42.97909929;"Solaire";134,85623
"Pyrénées-Orientales";2.492752695;42.66616306;"Solaire";514,05226999987
"Bas-Rhin";7.631694676;48.68206132;"Solaire";212,906358
"Haut-Rhin";7.251750400;47.85422374;"Solaire";332,06069199998
"Rhône";4.770535708;45.87487366;"Solaire";320,92729499993
"Haute-Saône";6.155172340;47.69418658;"Solaire";93,53655
"Saône-et-Loire";4.666928533;46.52419975;"Solaire";354,66101999996
"Sarthe";0.200118821;47.98867581;"Solaire";326,12539999997
"Savoie";6.508544607;45.51182688;"Solaire";91,976711999999
"Haute-Savoie";6.445889751;46.08724057;"Solaire";135,227641
"Paris";2.336419316;48.86254988;"Solaire";7,33067
"Seine-Maritime";0.966425365;49.70785890;"Solaire";127,93564
"Seine-et-Marne";2.867446980;48.56822151;"Solaire";230,19387999998
"Yvelines";1.724887012;48.75660772;"Solaire";93,250809999999
"Deux-Sèvres";-0.309816976;46.57898744;"Solaire";379,46063999999
"Somme";2.449914761;50.00054740;"Solaire";92,433809
"Tarn";2.143677190;43.81569547;"Solaire";407,08332699995
"Tarn-et-Garonne";1.239353884;44.13556827;"Solaire";330,07918999998
"Var";6.177308069;43.46911788;"Solaire";644,28422999996
"Vaucluse";5.102340000;43.97428456;"Solaire";386,04217999995
"Vendée";-1.291953121;46.67282358;"Solaire";598,76470999994
"Vienne";0.465263810;46.60301476;"Solaire";388,61842999999
"Haute-Vienne";1.292662467;45.94725603;"Solaire";302,94144999998
"Vosges";6.334485290;48.23064314;"Solaire";118,08411
"Yonne";3.587950973;47.84899957;"Solaire";228,5229
"Territoire de Belfort";6.961637789;47.60524434;"Solaire";54,62214
"Essonne";2.253406735;48.50097387;"Solaire";78,1443
"Hauts-de-Seine";2.239066161;48.83640082;"Solaire";15,76175
"Seine-Saint-Denis";2.484137001;48.90224387;"Solaire";18,80372
"Val-de-Marne";2.454728618;48.78376845;"Solaire";19,1883
"Val-d'Oise";2.154663979;49.08069561;"Solaire";43,6945
"Ain";5.346959857;46.05429898;"Éolien";29,75
"Aisne";3.671806573;49.59862553;"Éolien";1481,9515
"Allier";3.040610457;46.37475826;"Éolien";65,0738
"Ardèche";4.288022257;44.80050826;"Éolien";231,0365
"Ardennes";4.700131870;49.57273476;"Éolien";775,384
"Ariège";1.472306905;42.95155061;"Éolien";0,0026
"Aube";4.187970591;48.27218193;"Éolien";1080,671
"Aude";2.339275730;43.14137015;"Éolien";498,003
"Aveyron";2.793046114;44.24941483;"Éolien";346,31
"Bouches-du-Rhône";5.072933506;43.54383533;"Éolien";63,68
"Calvados";-0.406566196;49.11209426;"Éolien";158,6006
"Cantal";2.628795568;44.91441335;"Éolien";113
"Charente";0.097305000;45.66679020;"Éolien";339,837
"Charente-Maritime";-0.694769798;45.79420660;"Éolien";355,979
"Cher";2.580594115;47.09013344;"Éolien";321,475
"Corrèze";1.842891932;45.30433881;"Éolien";9,01
"Côte-d'Or";4.837284317;47.52031513;"Éolien";352,2
"Côtes-d'Armor";-2.946720821;48.45147397;"Éolien";1027,8306
"Creuse";2.093611542;46.07471237;"Éolien";65,805
"Doubs";6.397455452;47.21328112;"Éolien";209,82
"Drôme";5.224912381;44.63114048;"Éolien";144,1375
"Eure";1.058622250;49.11357767;"Éolien";126,152
"Eure-et-Loir";1.332237400;48.31273152;"Éolien";795,145
"Finistère";-4.107614705;48.27446138;"Éolien";238,7356
"Haute-Corse";9.228973435;42.40403476;"Éolien";18
"Gard";4.178506857;43.99430935;"Éolien";11,5674
"Haute-Garonne";1.293955407;43.39916198;"Éolien";45,3212
"Gers";0.477120590;43.68376636;"Éolien";0,017
"Gironde";-0.573379306;44.85762161;"Éolien";0,01
"Hérault";3.461166305;43.64966398;"Éolien";346,3533
"Ille-et-Vilaine";-1.646455875;48.18125577;"Éolien";221,581
"Indre";1.623572948;46.80417900;"Éolien";340,1
"Indre-et-Loire";0.686829377;47.23136876;"Éolien";0,016
"Isère";5.602130240;45.26970890;"Éolien";2,71
"Jura";5.537548031;46.76537169;"Éolien";18
"Landes";-0.904619169;44.02744424;"Éolien";0,0145
"Loir-et-Cher";1.360806420;47.56075438;"Éolien";52,01
"Loire";4.151376079;45.72748395;"Éolien";17,002
"Haute-Loire";3.792203253;45.09422574;"Éolien";69,012
"Loire-Atlantique";-1.767701405;47.46325974;"Éolien";1049,5176
"Loiret";2.232057344;47.88516723;"Éolien";265,259
"Lot";1.577740047;44.65311268;"Éolien";0,01
"Lozère";3.552826246;44.54028178;"Éolien";79,3917
"Maine-et-Loire";-0.569254627;47.35896655;"Éolien";232,918
"Manche";-1.366478921;49.02053894;"Éolien";150,325
"Marne";4.324834753;48.92773389;"Éolien";1493,851
"Haute-Marne";5.135591261;48.15680534;"Éolien";543,196
"Mayenne";-0.660208643;48.13211328;"Éolien";217,70532
"Meurthe-et-Moselle";6.146295293;48.78852631;"Éolien";127,9326
"Meuse";5.275598435;48.99998986;"Éolien";591,765
"Morbihan";-2.870054353;47.97481616;"Éolien";481,043
"Moselle";6.605699558;49.00811502;"Éolien";390,9083
"Nièvre";3.519020775;47.10170689;"Éolien";52
"Nord";3.282594417;50.44996479;"Éolien";517,0672
"Oise";2.425196856;49.36241327;"Éolien";622,417
"Orne";0.072085743;48.62660844;"Éolien";53,28
"Pas-de-Calais";2.296241993;50.45485709;"Éolien";1643,921
"Puy-de-Dôme";3.143168191;45.73284418;"Éolien";50,8155
"Pyrénées-Orientales";2.492752695;42.66616306;"Éolien";169,006
"Bas-Rhin";7.631694676;48.68206132;"Éolien";26
"Rhône";4.770535708;45.87487366;"Éolien";12
"Haute-Saône";6.155172340;47.69418658;"Éolien";100,125
"Saône-et-Loire";4.666928533;46.52419975;"Éolien";12
"Sarthe";0.200118821;47.98867581;"Éolien";95,2066
"Savoie";6.508544607;45.51182688;"Éolien";0,0075
"Seine-Maritime";0.966425365;49.70785890;"Éolien";1139,89965
"Seine-et-Marne";2.867446980;48.56822151;"Éolien";57,132
"Yvelines";1.724887012;48.75660772;"Éolien";17,0064
"Deux-Sèvres";-0.309816976;46.57898744;"Éolien";597,554
"Somme";2.449914761;50.00054740;"Éolien";2317,76
"Tarn";2.143677190;43.81569547;"Éolien";266,935
"Var";6.177308069;43.46911788;"Éolien";48,424
"Vaucluse";5.102340000;43.97428456;"Éolien";9,6234
"Vendée";-1.291953121;46.67282358;"Éolien";743,568
"Vienne";0.465263810;46.60301476;"Éolien";593,3914
"Haute-Vienne";1.292662467;45.94725603;"Éolien";176,9033
"Vosges";6.334485290;48.23064314;"Éolien";120,4554
"Yonne";3.587950973;47.84899957;"Éolien";448,455
"Territoire de Belfort";6.961637789;47.60524434;"Éolien";0,01
"Essonne";2.253406735;48.50097387;"Éolien";71,6
